{
  "optimal_clusters": 2,
  "silhouette_score": 0.9891370044208502,
  "davies_bouldin_score": 0.006734658639914722,
  "calinski_harabasz_score": 11302.344397368377,
  "cluster_sizes": {
    "0": 999,
    "1": 1
  },
  "training_samples": 1000,
  "features_used": 16
}